"DateTime","Players"
"2024-01-19 00:00:00",370128
"2024-01-20 00:00:00",855706
"2024-01-21 00:00:00",1291967
"2024-01-22 00:00:00",1582482
"2024-01-23 00:00:00",1864421
"2024-01-24 00:00:00",2018905
"2024-01-25 00:00:00",1999272
"2024-01-26 00:00:00",2033118
"2024-01-27 00:00:00",2101867
"2024-01-28 00:00:00",2101393
"2024-01-29 00:00:00",1790933
"2024-01-30 00:00:00",1651846
"2024-01-31 00:00:00",1471270
"2024-02-01 00:00:00",1355332
"2024-02-02 00:00:00",1309623
"2024-02-03 00:00:00",1359957
"2024-02-04 00:00:00",1315791
"2024-02-05 00:00:00",1047323
"2024-02-06 00:00:00",944328
"2024-02-07 00:00:00",861917
"2024-02-08 00:00:00",784385
"2024-02-09 00:00:00",682032
"2024-02-10 00:00:00",757508
"2024-02-11 00:00:00",756764
"2024-02-12 00:00:00",610050
"2024-02-13 00:00:00",574423
"2024-02-14 00:00:00",512859
"2024-02-15 00:00:00",501365
"2024-02-16 00:00:00",499873
"2024-02-17 00:00:00",535048
"2024-02-18 00:00:00",527994
"2024-02-19 00:00:00",430723
"2024-02-20 00:00:00",400674
"2024-02-21 00:00:00",375651
"2024-02-22 00:00:00",345846
"2024-02-23 00:00:00",337775
"2024-02-24 00:00:00",349911
"2024-02-25 00:00:00",339873
"2024-02-26 00:00:00",283406
"2024-02-27 00:00:00",282235
"2024-02-28 00:00:00",268046
"2024-02-29 00:00:00",254460
"2024-03-01 00:00:00",254814
"2024-03-02 00:00:00",273204
"2024-03-03 00:00:00",256556
"2024-03-04 00:00:00",209692
"2024-03-05 00:00:00",197822
"2024-03-06 00:00:00",182449
"2024-03-07 00:00:00",169325
"2024-03-08 00:00:00",172278
"2024-03-09 00:00:00",183012
"2024-03-10 00:00:00",171997
"2024-03-11 00:00:00",137935
"2024-03-12 00:00:00",128895
"2024-03-13 00:00:00",119277
"2024-03-14 00:00:00",110237
"2024-03-15 00:00:00",124582
"2024-03-16 00:00:00",141987
"2024-03-17 00:00:00",138585
"2024-03-18 00:00:00",115863
"2024-03-19 00:00:00",112381
"2024-03-20 00:00:00",106980
"2024-03-21 00:00:00",98004
"2024-03-22 00:00:00",100918
"2024-03-23 00:00:00",111338
"2024-03-24 00:00:00",104943
"2024-03-25 00:00:00",85363
"2024-03-26 00:00:00",80356
"2024-03-27 00:00:00",74502
"2024-03-28 00:00:00",68865
"2024-03-29 00:00:00",73851
"2024-03-30 00:00:00",75944
"2024-03-31 00:00:00",69850
"2024-04-01 00:00:00",63603
"2024-04-02 00:00:00",56031
"2024-04-03 00:00:00",57256
"2024-04-04 00:00:00",106225
"2024-04-05 00:00:00",120352
"2024-04-06 00:00:00",128855
"2024-04-07 00:00:00",126026
"2024-04-08 00:00:00",106246
"2024-04-09 00:00:00",100056
"2024-04-10 00:00:00",92607
"2024-04-11 00:00:00",84268
"2024-04-12 00:00:00",87362
"2024-04-13 00:00:00",96456
"2024-04-14 00:00:00",90931
"2024-04-15 00:00:00",73562
"2024-04-16 00:00:00",70847
"2024-04-17 00:00:00",65668
"2024-04-18 00:00:00",61722
"2024-04-19 00:00:00",63881
"2024-04-20 00:00:00",71899
"2024-04-21 00:00:00",67032
"2024-04-22 00:00:00",53180
"2024-04-23 00:00:00",52164
"2024-04-24 00:00:00",47437
"2024-04-25 00:00:00",44542
"2024-04-26 00:00:00",46332
"2024-04-27 00:00:00",49991
"2024-04-28 00:00:00",49518
"2024-04-29 00:00:00",40359
"2024-04-30 00:00:00",42927
"2024-05-01 00:00:00",45125
"2024-05-02 00:00:00",40016
"2024-05-03 00:00:00",41227
"2024-05-04 00:00:00",44627
"2024-05-05 00:00:00",44885
"2024-05-06 00:00:00",36126
"2024-05-07 00:00:00",34124
"2024-05-08 00:00:00",31971
"2024-05-09 00:00:00",31842
"2024-05-10 00:00:00",32211
"2024-05-11 00:00:00",37376
"2024-05-12 00:00:00",35493
"2024-05-13 00:00:00",28535
"2024-05-14 00:00:00",28673
"2024-05-15 00:00:00",28122
"2024-05-16 00:00:00",26537
"2024-05-17 00:00:00",28399
"2024-05-18 00:00:00",33338
"2024-05-19 00:00:00",32092
"2024-05-20 00:00:00",28082
"2024-05-21 00:00:00",25440
"2024-05-22 00:00:00",24853
"2024-05-23 00:00:00",22297
"2024-05-24 00:00:00",23980
"2024-05-25 00:00:00",27782
"2024-05-26 00:00:00",27302
"2024-05-27 00:00:00",23206
"2024-05-28 00:00:00",22726
"2024-05-29 00:00:00",22779
"2024-05-30 00:00:00",23102
"2024-05-31 00:00:00",24889
"2024-06-01 00:00:00",29012
"2024-06-02 00:00:00",29115
"2024-06-03 00:00:00",23990
"2024-06-04 00:00:00",23802
"2024-06-05 00:00:00",23187
"2024-06-06 00:00:00",22300
"2024-06-07 00:00:00",23210
"2024-06-08 00:00:00",29567
"2024-06-09 00:00:00",31913
"2024-06-10 00:00:00",26846
"2024-06-11 00:00:00",26362
"2024-06-12 00:00:00",25893
"2024-06-13 00:00:00",24831
"2024-06-14 00:00:00",26220
"2024-06-15 00:00:00",30477
"2024-06-16 00:00:00",30434
"2024-06-17 00:00:00",26334
"2024-06-18 00:00:00",26583
"2024-06-19 00:00:00",25291
"2024-06-20 00:00:00",24575
"2024-06-21 00:00:00",26443
"2024-06-22 00:00:00",30180
"2024-06-23 00:00:00",31074
"2024-06-24 00:00:00",26472
"2024-06-25 00:00:00",29146
"2024-06-26 00:00:00",31508
"2024-06-27 00:00:00",100676
"2024-06-28 00:00:00",109346
"2024-06-29 00:00:00",135480
"2024-06-30 00:00:00",143369
"2024-07-01 00:00:00",128632
"2024-07-02 00:00:00",124839
"2024-07-03 00:00:00",115945
"2024-07-04 00:00:00",103691
"2024-07-05 00:00:00",103682
"2024-07-06 00:00:00",110736
"2024-07-07 00:00:00",110182
"2024-07-08 00:00:00",93662
"2024-07-09 00:00:00",91799
"2024-07-10 00:00:00",85481
"2024-07-11 00:00:00",82217
"2024-07-12 00:00:00",84826
"2024-07-13 00:00:00",94211
"2024-07-14 00:00:00",96526
"2024-07-15 00:00:00",82986
"2024-07-16 00:00:00",80575
"2024-07-17 00:00:00",75863
"2024-07-18 00:00:00",70626
"2024-07-19 00:00:00",68308
"2024-07-20 00:00:00",73061
"2024-07-21 00:00:00",72195
"2024-07-22 00:00:00",61291
"2024-07-23 00:00:00",59702
"2024-07-24 00:00:00",57896
"2024-07-25 00:00:00",55159
"2024-07-26 00:00:00",54730
"2024-07-27 00:00:00",58860
"2024-07-28 00:00:00",59456
"2024-07-29 00:00:00",52515
"2024-07-30 00:00:00",52981
"2024-07-31 00:00:00",49209
"2024-08-01 00:00:00",46522
"2024-08-02 00:00:00",46359
"2024-08-03 00:00:00",50703
"2024-08-04 00:00:00",51402
"2024-08-05 00:00:00",43743
"2024-08-06 00:00:00",42139
"2024-08-07 00:00:00",40107
"2024-08-08 00:00:00",39524
"2024-08-09 00:00:00",40303
"2024-08-10 00:00:00",43900
"2024-08-11 00:00:00",45436
"2024-08-12 00:00:00",39893
"2024-08-13 00:00:00",39079
"2024-08-14 00:00:00",38517
"2024-08-15 00:00:00",38421
"2024-08-16 00:00:00",38334
"2024-08-17 00:00:00",42246
"2024-08-18 00:00:00",42626
"2024-08-19 00:00:00",35929
"2024-08-20 00:00:00",31878
"2024-08-21 00:00:00",30607
"2024-08-22 00:00:00",29938
"2024-08-23 00:00:00",30903
"2024-08-24 00:00:00",34855
"2024-08-25 00:00:00",35697
"2024-08-26 00:00:00",30153
"2024-08-27 00:00:00",29719
"2024-08-28 00:00:00",28552
"2024-08-29 00:00:00",27584
"2024-08-30 00:00:00",28177
"2024-08-31 00:00:00",31804
"2024-09-01 00:00:00",31673
"2024-09-02 00:00:00",27784
"2024-09-03 00:00:00",26075
"2024-09-04 00:00:00",25401
"2024-09-05 00:00:00",25049
"2024-09-06 00:00:00",26395
"2024-09-07 00:00:00",30789
"2024-09-08 00:00:00",31170
"2024-09-09 00:00:00",26179
"2024-09-10 00:00:00",25365
"2024-09-11 00:00:00",24432
"2024-09-12 00:00:00",24204
"2024-09-13 00:00:00",24922
"2024-09-14 00:00:00",28790
"2024-09-15 00:00:00",31962
"2024-09-16 00:00:00",27849
"2024-09-17 00:00:00",26371
"2024-09-18 00:00:00",26734
"2024-09-19 00:00:00",26198
"2024-09-20 00:00:00",27854
"2024-09-21 00:00:00",32895
"2024-09-22 00:00:00",33801
"2024-09-23 00:00:00",27546
"2024-09-24 00:00:00",26143
"2024-09-25 00:00:00",24657
"2024-09-26 00:00:00",23996
"2024-09-27 00:00:00",24789
"2024-09-28 00:00:00",28697
"2024-09-29 00:00:00",29155
"2024-09-30 00:00:00",24045
"2024-10-01 00:00:00",23874
"2024-10-02 00:00:00",24419
"2024-10-03 00:00:00",25153
"2024-10-04 00:00:00",24931
"2024-10-05 00:00:00",28862
"2024-10-06 00:00:00",29930
"2024-10-07 00:00:00",23375
"2024-10-08 00:00:00",23042
"2024-10-09 00:00:00",22279
"2024-10-10 00:00:00",21358
"2024-10-11 00:00:00",22170
"2024-10-12 00:00:00",26681
"2024-10-13 00:00:00",27642
"2024-10-14 00:00:00",22679
"2024-10-15 00:00:00",21381
"2024-10-16 00:00:00",20896
"2024-10-17 00:00:00",20311
"2024-10-18 00:00:00",21752
"2024-10-19 00:00:00",25953
"2024-10-20 00:00:00",26560
"2024-10-21 00:00:00",21773
"2024-10-22 00:00:00",21591
"2024-10-23 00:00:00",20621
"2024-10-24 00:00:00",19955
"2024-10-25 00:00:00",20760
"2024-10-26 00:00:00",24120
"2024-10-27 00:00:00",24501
"2024-10-28 00:00:00",20110
"2024-10-29 00:00:00",19751
"2024-10-30 00:00:00",19841
"2024-10-31 00:00:00",20141
"2024-11-01 00:00:00",21554
"2024-11-02 00:00:00",23807
"2024-11-03 00:00:00",24916
"2024-11-04 00:00:00",20441
"2024-11-05 00:00:00",19808
"2024-11-06 00:00:00",19344
"2024-11-07 00:00:00",18883
"2024-11-08 00:00:00",19804
"2024-11-09 00:00:00",23948
"2024-11-10 00:00:00",24184
"2024-11-11 00:00:00",20737
"2024-11-12 00:00:00",19529
"2024-11-13 00:00:00",19292
"2024-11-14 00:00:00",18990
"2024-11-15 00:00:00",20736
"2024-11-16 00:00:00",24993
"2024-11-17 00:00:00",25921
"2024-11-18 00:00:00",21325
"2024-11-19 00:00:00",20992
"2024-11-20 00:00:00",20566
"2024-11-21 00:00:00",19098
"2024-11-22 00:00:00",19859
"2024-11-23 00:00:00",23245
"2024-11-24 00:00:00",23443
"2024-11-25 00:00:00",19286
"2024-11-26 00:00:00",19051
"2024-11-27 00:00:00",19224
"2024-11-28 00:00:00",23406
"2024-11-29 00:00:00",27781
"2024-11-30 00:00:00",34569
"2024-12-01 00:00:00",37803
"2024-12-02 00:00:00",34012
"2024-12-03 00:00:00",34244
"2024-12-04 00:00:00",35070
"2024-12-05 00:00:00",34045
"2024-12-06 00:00:00",34858
"2024-12-07 00:00:00",40752
"2024-12-08 00:00:00",42089
"2024-12-09 00:00:00",35888
"2024-12-10 00:00:00",35637
"2024-12-11 00:00:00",35321
"2024-12-12 00:00:00",33821
"2024-12-13 00:00:00",38237
"2024-12-14 00:00:00",47244
"2024-12-15 00:00:00",49842
"2024-12-16 00:00:00",44827
"2024-12-17 00:00:00",45334
"2024-12-18 00:00:00",45203
"2024-12-19 00:00:00",44519
"2024-12-20 00:00:00",47354
"2024-12-21 00:00:00",55173
"2024-12-22 00:00:00",59180
"2024-12-23 00:00:00",136711
"2024-12-24 00:00:00",163042
"2024-12-25 00:00:00",171305
"2024-12-26 00:00:00",184683
"2024-12-27 00:00:00",189432
"2024-12-28 00:00:00",206174
"2024-12-29 00:00:00",212817
"2024-12-30 00:00:00",206401
"2024-12-31 00:00:00",190384
"2025-01-01 00:00:00",202556
"2025-01-02 00:00:00",195564
"2025-01-03 00:00:00",198212
"2025-01-04 00:00:00",209352
"2025-01-05 00:00:00",204205
"2025-01-06 00:00:00",178721
"2025-01-07 00:00:00",168123
"2025-01-08 00:00:00",159097
"2025-01-09 00:00:00",148777
"2025-01-10 00:00:00",147833
"2025-01-11 00:00:00",165118
"2025-01-12 00:00:00",167257
"2025-01-13 00:00:00",138175
"2025-01-14 00:00:00",132592
"2025-01-15 00:00:00",120951
"2025-01-16 00:00:00",118617
"2025-01-17 00:00:00",119453
"2025-01-18 00:00:00",133408
"2025-01-19 00:00:00",135845
"2025-01-20 00:00:00",114398
"2025-01-21 00:00:00",107224
"2025-01-22 00:00:00",101324
"2025-01-23 00:00:00",96808
"2025-01-24 00:00:00",100670
"2025-01-25 00:00:00",117403
"2025-01-26 00:00:00",124581
"2025-01-27 00:00:00",104861
"2025-01-28 00:00:00",92567
"2025-01-29 00:00:00",95352
"2025-01-30 00:00:00",95129
"2025-01-31 00:00:00",99665
"2025-02-01 00:00:00",111869
"2025-02-02 00:00:00",114303
"2025-02-03 00:00:00",96176
"2025-02-04 00:00:00",94757
"2025-02-05 00:00:00",91526
"2025-02-06 00:00:00",90009
"2025-02-07 00:00:00",88266
"2025-02-08 00:00:00",97033
"2025-02-09 00:00:00",97281
"2025-02-10 00:00:00",80417
"2025-02-11 00:00:00",78370
"2025-02-12 00:00:00",72531
"2025-02-13 00:00:00",68104
"2025-02-14 00:00:00",66307
"2025-02-15 00:00:00",76436
"2025-02-16 00:00:00",77281
"2025-02-17 00:00:00",64659
"2025-02-18 00:00:00",62949
"2025-02-19 00:00:00",59320
"2025-02-20 00:00:00",54898
"2025-02-21 00:00:00",57951
"2025-02-22 00:00:00",67315
"2025-02-23 00:00:00",67466
"2025-02-24 00:00:00",55020
"2025-02-25 00:00:00",52613
"2025-02-26 00:00:00",50145
"2025-02-27 00:00:00",47941
"2025-02-28 00:00:00",46343
"2025-03-01 00:00:00",52808
"2025-03-02 00:00:00",53196
"2025-03-03 00:00:00",44375
"2025-03-04 00:00:00",43149
"2025-03-05 00:00:00",41455
"2025-03-06 00:00:00",39383
"2025-03-07 00:00:00",39944
"2025-03-08 00:00:00",46072
"2025-03-09 00:00:00",49308
"2025-03-10 00:00:00",41892
"2025-03-11 00:00:00",42629
"2025-03-12 00:00:00",42918
"2025-03-13 00:00:00",43522
"2025-03-14 00:00:00",46329
"2025-03-15 00:00:00",56243
"2025-03-16 00:00:00",58785
"2025-03-17 00:00:00",49386
"2025-03-18 00:00:00",48649
"2025-03-19 00:00:00",51318
"2025-03-20 00:00:00",51966
"2025-03-21 00:00:00",54477
"2025-03-22 00:00:00",63627
"2025-03-23 00:00:00",64023
"2025-03-24 00:00:00",52589
"2025-03-25 00:00:00",50272
"2025-03-26 00:00:00",46838
"2025-03-27 00:00:00",45348
"2025-03-28 00:00:00",47153
"2025-03-29 00:00:00",54292
"2025-03-30 00:00:00",55192
"2025-03-31 00:00:00",45416
"2025-04-01 00:00:00",43220
"2025-04-02 00:00:00",41175
"2025-04-03 00:00:00",39161
"2025-04-04 00:00:00",40999
"2025-04-05 00:00:00",46326
"2025-04-06 00:00:00",46959
"2025-04-07 00:00:00",38218
"2025-04-08 00:00:00",37457
"2025-04-09 00:00:00",35473
"2025-04-10 00:00:00",34470
"2025-04-11 00:00:00",36465
"2025-04-12 00:00:00",43589
"2025-04-13 00:00:00",43479
"2025-04-14 00:00:00",35466
"2025-04-15 00:00:00",34098
"2025-04-16 00:00:00",32087
"2025-04-17 00:00:00",31477
"2025-04-18 00:00:00",35228
"2025-04-19 00:00:00",37540
"2025-04-20 00:00:00",36511
"2025-04-21 00:00:00",34769
"2025-04-22 00:00:00",30207
"2025-04-23 00:00:00",28985
"2025-04-24 00:00:00",28712
"2025-04-25 00:00:00",29611
"2025-04-26 00:00:00",33413
"2025-04-27 00:00:00",34311
"2025-04-28 00:00:00",27156
"2025-04-29 00:00:00",26072
"2025-04-30 00:00:00",25307
"2025-05-01 00:00:00",27939
"2025-05-02 00:00:00",26960
"2025-05-03 00:00:00",30467
"2025-05-04 00:00:00",33289
"2025-05-05 00:00:00",27550
"2025-05-06 00:00:00",26246
"2025-05-07 00:00:00",25546
"2025-05-08 00:00:00",25912
"2025-05-09 00:00:00",27244
"2025-05-10 00:00:00",31901
"2025-05-11 00:00:00",31147
"2025-05-12 00:00:00",25336
"2025-05-13 00:00:00",28314
"2025-05-14 00:00:00",30085
"2025-05-15 00:00:00",31067
"2025-05-16 00:00:00",33967
"2025-05-17 00:00:00",41647
"2025-05-18 00:00:00",44133
"2025-05-19 00:00:00",37971
"2025-05-20 00:00:00",35795
"2025-05-21 00:00:00",34860
"2025-05-22 00:00:00",33963
"2025-05-23 00:00:00",35399
"2025-05-24 00:00:00",40443
"2025-05-25 00:00:00",40601
"2025-05-26 00:00:00",35766
"2025-05-27 00:00:00",33348
"2025-05-28 00:00:00",31777
"2025-05-29 00:00:00",32809
"2025-05-30 00:00:00",31301
"2025-05-31 00:00:00",35111
"2025-06-01 00:00:00",36482
"2025-06-02 00:00:00",31063
"2025-06-03 00:00:00",30585
"2025-06-04 00:00:00",29373
"2025-06-05 00:00:00",28668
"2025-06-06 00:00:00",28713
"2025-06-07 00:00:00",32986
"2025-06-08 00:00:00",33337
"2025-06-09 00:00:00",30060
"2025-06-10 00:00:00",27736
"2025-06-11 00:00:00",26733
"2025-06-12 00:00:00",25771
"2025-06-13 00:00:00",26406
"2025-06-14 00:00:00",30496
"2025-06-15 00:00:00",31257
"2025-06-16 00:00:00",26176
"2025-06-17 00:00:00",25519
"2025-06-18 00:00:00",24578
"2025-06-19 00:00:00",26282
"2025-06-20 00:00:00",29234
"2025-06-21 00:00:00",35393
"2025-06-22 00:00:00",39242
"2025-06-23 00:00:00",35691
"2025-06-24 00:00:00",37749
"2025-06-25 00:00:00",86479
"2025-06-26 00:00:00",94011
"2025-06-27 00:00:00",100007
"2025-06-28 00:00:00",115602
"2025-06-29 00:00:00",122512
"2025-06-30 00:00:00",105972
"2025-07-01 00:00:00",104234
"2025-07-02 00:00:00",96678
"2025-07-03 00:00:00",89978
"2025-07-04 00:00:00",93317
"2025-07-05 00:00:00",100464
"2025-07-06 00:00:00",103707
"2025-07-07 00:00:00",88726
"2025-07-08 00:00:00",85867
"2025-07-09 00:00:00",81775
"2025-07-10 00:00:00",77363
"2025-07-11 00:00:00",76504
"2025-07-12 00:00:00",84487
"2025-07-13 00:00:00",85808
"2025-07-14 00:00:00",73242
"2025-07-15 00:00:00",69483
"2025-07-16 00:00:00",66272
"2025-07-17 00:00:00",62367
"2025-07-18 00:00:00",62020
"2025-07-19 00:00:00",67743
"2025-07-20 00:00:00",69881
"2025-07-21 00:00:00",59707
"2025-07-22 00:00:00",56924
"2025-07-23 00:00:00",54602
"2025-07-24 00:00:00",51372
"2025-07-25 00:00:00",51527
"2025-07-26 00:00:00",56832
"2025-07-27 00:00:00",60949
"2025-07-28 00:00:00",52396
"2025-07-29 00:00:00",51765
"2025-07-30 00:00:00",51593
"2025-07-31 00:00:00",50819
"2025-08-01 00:00:00",52483
"2025-08-02 00:00:00",59036
"2025-08-03 00:00:00",61632
"2025-08-04 00:00:00",53481
"2025-08-05 00:00:00",52287
"2025-08-06 00:00:00",50558
"2025-08-07 00:00:00",48590
"2025-08-08 00:00:00",48681
"2025-08-09 00:00:00",54155
"2025-08-10 00:00:00",55704
"2025-08-11 00:00:00",48348
"2025-08-12 00:00:00",46045
"2025-08-13 00:00:00",44618
"2025-08-14 00:00:00",43150
"2025-08-15 00:00:00",44014
"2025-08-16 00:00:00",47303
"2025-08-17 00:00:00",49376
"2025-08-18 00:00:00",41458
"2025-08-19 00:00:00",40707
"2025-08-20 00:00:00",39329
"2025-08-21 00:00:00",38753
"2025-08-22 00:00:00",39184
"2025-08-23 00:00:00",44313
"2025-08-24 00:00:00",45799
"2025-08-25 00:00:00",38383
"2025-08-26 00:00:00",37147
"2025-08-27 00:00:00",36131
"2025-08-28 00:00:00",34143
"2025-08-29 00:00:00",34382
"2025-08-30 00:00:00",38811
"2025-08-31 00:00:00",39566
"2025-09-01 00:00:00",34672
"2025-09-02 00:00:00",32239
"2025-09-03 00:00:00",30963
"2025-09-04 00:00:00",30037
"2025-09-05 00:00:00",30782
"2025-09-06 00:00:00",36041
"2025-09-07 00:00:00",36921
"2025-09-08 00:00:00",30260
"2025-09-09 00:00:00",30879
"2025-09-10 00:00:00",30791
"2025-09-11 00:00:00",31037
"2025-09-12 00:00:00",32398
"2025-09-13 00:00:00",38922
"2025-09-14 00:00:00",42034
"2025-09-15 00:00:00",34549
"2025-09-16 00:00:00",35726
"2025-09-17 00:00:00",33652
"2025-09-18 00:00:00",34270
"2025-09-19 00:00:00",36412
"2025-09-20 00:00:00",43249
"2025-09-21 00:00:00",46352
"2025-09-22 00:00:00",39648
"2025-09-23 00:00:00",40604
"2025-09-24 00:00:00",39046
"2025-09-25 00:00:00",36962
"2025-09-26 00:00:00",38250
"2025-09-27 00:00:00",43081
"2025-09-28 00:00:00",45215
"2025-09-29 00:00:00",35900
"2025-09-30 00:00:00",36154
"2025-10-01 00:00:00",37261
"2025-10-02 00:00:00",38506
"2025-10-03 00:00:00",41139
"2025-10-04 00:00:00",45937
"2025-10-05 00:00:00",49621
"2025-10-06 00:00:00",42551
"2025-10-07 00:00:00",42428
"2025-10-08 00:00:00",41127
"2025-10-09 00:00:00",39904
"2025-10-10 00:00:00",40689
"2025-10-11 00:00:00",46358
"2025-10-12 00:00:00",47432
"2025-10-13 00:00:00",39666
"2025-10-14 00:00:00",37615
"2025-10-15 00:00:00",36664
"2025-10-16 00:00:00",35514
"2025-10-17 00:00:00",37211
"2025-10-18 00:00:00",42944
"2025-10-19 00:00:00",45189
"2025-10-20 00:00:00",37878
"2025-10-21 00:00:00",38305
"2025-10-22 00:00:00",37554
"2025-10-23 00:00:00",38367
"2025-10-24 00:00:00",41537
"2025-10-25 00:00:00",48140
"2025-10-26 00:00:00",51305
"2025-10-27 00:00:00",43579
"2025-10-28 00:00:00",42892
"2025-10-29 00:00:00",41320
"2025-10-30 00:00:00",40989
"2025-10-31 00:00:00",42858
"2025-11-01 00:00:00",50273
"2025-11-02 00:00:00",53118
"2025-11-03 00:00:00",45472
"2025-11-04 00:00:00",45468
"2025-11-05 00:00:00",41919
"2025-11-06 00:00:00",41426
"2025-11-07 00:00:00",42872
"2025-11-08 00:00:00",50157
"2025-11-09 00:00:00",51359
"2025-11-10 00:00:00",43812
"2025-11-11 00:00:00",46719
"2025-11-12 00:00:00",41794
"2025-11-13 00:00:00",38855
"2025-11-14 00:00:00",39525
"2025-11-15 00:00:00",46969
"2025-11-16 00:00:00",48759
"2025-11-17 00:00:00",39029
"2025-11-18 00:00:00",39181
"2025-11-19 00:00:00",36761
"2025-11-20 00:00:00",34739
"2025-11-21 00:00:00",36042
"2025-11-22 00:00:00",42608
"2025-11-23 00:00:00",45373
"2025-11-24 00:00:00",36600
"2025-11-25 00:00:00",36004
"2025-11-26 00:00:00",34557
"2025-11-27 00:00:00",34609
"2025-11-28 00:00:00",36435
"2025-11-29 00:00:00",41786
"2025-11-30 00:00:00",43378
"2025-12-01 00:00:00",35861
"2025-12-02 00:00:00",35665
"2025-12-03 00:00:00",34707
"2025-12-04 00:00:00",33409
"2025-12-05 00:00:00",35245
"2025-12-06 00:00:00",43648
"2025-12-07 00:00:00",46101
"2025-12-08 00:00:00",39603
"2025-12-09 00:00:00",39103
"2025-12-10 00:00:00",38902
"2025-12-11 00:00:00",39044
"2025-12-12 00:00:00",39866
"2025-12-13 00:00:00",47218
"2025-12-14 00:00:00",49227
"2025-12-15 00:00:00",42040
"2025-12-16 00:00:00",41917
"2025-12-17 00:00:00",54682
"2025-12-18 00:00:00",58084
"2025-12-19 00:00:00",60030
"2025-12-20 00:00:00",70054
"2025-12-21 00:00:00",72958
"2025-12-22 00:00:00",68105
"2025-12-23 00:00:00",67951
"2025-12-24 00:00:00",67593
"2025-12-25 00:00:00",65532
"2025-12-26 00:00:00",69337
"2025-12-27 00:00:00",74065
"2025-12-28 00:00:00",75284
"2025-12-29 00:00:00",70588
"2025-12-30 00:00:00",68352
"2025-12-31 00:00:00",61634
"2026-01-01 00:00:00",70346
"2026-01-02 00:00:00",73650
"2026-01-03 00:00:00",75598
"2026-01-04 00:00:00",76621
"2026-01-05 00:00:00",66270
"2026-01-06 00:00:00",66710
"2026-01-07 00:00:00",62601
"2026-01-08 00:00:00",58928
"2026-01-09 00:00:00",60631
"2026-01-10 00:00:00",69191
"2026-01-11 00:00:00",71019
"2026-01-12 00:00:00",58356
"2026-01-13 00:00:00",55548
"2026-01-14 00:00:00",53568
"2026-01-15 00:00:00",51990
"2026-01-16 00:00:00",53964
"2026-01-17 00:00:00",62702
"2026-01-18 00:00:00",65873
"2026-01-19 00:00:00",56199
"2026-01-20 00:00:00",56521
"2026-01-21 00:00:00",56178
"2026-01-22 00:00:00",52872
"2026-01-23 00:00:00",54939
"2026-01-24 00:00:00",64243
"2026-01-25 00:00:00",66561
"2026-01-26 00:00:00",56500
"2026-01-27 00:00:00",55087
"2026-01-28 00:00:00",53518
"2026-01-29 00:00:00",49751
"2026-01-30 00:00:00",50431
"2026-01-31 00:00:00",58279
"2026-02-01 00:00:00",59694
"2026-02-02 00:00:00",48953
"2026-02-03 00:00:00",47537
"2026-02-04 00:00:00",45838
"2026-02-05 00:00:00",42526
"2026-02-06 00:00:00",43444
"2026-02-07 00:00:00",51461
"2026-02-08 00:00:00",53068
"2026-02-09 00:00:00",43100
"2026-02-10 00:00:00",42166
"2026-02-11 00:00:00",40633
"2026-02-12 00:00:00",39594
"2026-02-13 00:00:00",41126
"2026-02-14 00:00:00",47662
"2026-02-15 00:00:00",51626
"2026-02-16 00:00:00",42858
"2026-02-17 00:00:00",45862
"2026-02-18 00:00:00",45896
"2026-02-19 00:00:00",45457
"2026-02-20 00:00:00",47858
"2026-02-21 00:00:00",55067
"2026-02-22 00:00:00",58738
"2026-02-23 00:00:00",50379
"2026-02-24 00:00:00",49264
"2026-02-25 00:00:00",47414
"2026-02-26 00:00:00",45983
"2026-02-27 00:00:00",45436
"2026-02-28 00:00:00",25690
"2026-02-28 01:00:00",27802
"2026-02-28 02:00:00",29792
"2026-02-28 03:00:00",31342
"2026-02-28 04:00:00",32553
"2026-02-28 05:00:00",33717
"2026-02-28 06:00:00",34552
"2026-02-28 07:00:00",35428
"2026-02-28 08:00:00",35911
"2026-02-28 09:00:00",36209
"2026-02-28 10:00:00",38157
"2026-02-28 11:00:00",41929
"2026-02-28 12:00:00",46359
"2026-02-28 13:00:00",50379
"2026-02-28 14:00:00",51684
"2026-02-28 15:00:00",51757
"2026-02-28 16:00:00",49496
"2026-02-28 17:00:00",45400
"2026-02-28 18:00:00",41377
"2026-02-28 19:00:00",37923
"2026-02-28 20:00:00",35585
"2026-02-28 21:00:00",34814
"2026-02-28 22:00:00",33221
"2026-02-28 23:00:00",31339
"2026-03-01 00:00:00",29994
"2026-03-01 01:00:00",31319
"2026-03-01 02:00:00",33882
"2026-03-01 03:00:00",35878
"2026-03-01 04:00:00",37607
"2026-03-01 05:00:00",39462
"2026-03-01 06:00:00",40840
"2026-03-01 07:00:00",41867
"2026-03-01 08:00:00",42773
"2026-03-01 09:00:00",42845
"2026-03-01 10:00:00",43414
"2026-03-01 11:00:00",46516
"2026-03-01 12:00:00",50177
"2026-03-01 13:00:00",52955
"2026-03-01 14:00:00",53194
"2026-03-01 15:00:00",52502
"2026-03-01 16:00:00",48614
"2026-03-01 17:00:00",44010
"2026-03-01 18:00:00",40834
"2026-03-01 19:00:00",38341
"2026-03-01 20:00:00",36735
"2026-03-01 21:00:00",34756
"2026-03-01 22:00:00",32313
"2026-03-01 23:00:00",29653
"2026-03-02 00:00:00",27987
"2026-03-02 01:00:00",28198
"2026-03-02 02:00:00",28737
"2026-03-02 03:00:00",28752
"2026-03-02 04:00:00",28804
"2026-03-02 05:00:00",28912
"2026-03-02 06:00:00",28715
"2026-03-02 07:00:00",29413
"2026-03-02 08:00:00",30018
"2026-03-02 09:00:00",30815
"2026-03-02 10:00:00",32995
"2026-03-02 11:00:00",36856
"2026-03-02 12:00:00",40752
"2026-03-02 13:00:00",43179
"2026-03-02 14:00:00",43400
"2026-03-02 15:00:00",42403
"2026-03-02 16:00:00",37428
"2026-03-02 17:00:00",32958
"2026-03-02 18:00:00",30065
"2026-03-02 19:00:00",28542
"2026-03-02 20:00:00",27127
"2026-03-02 21:00:00",26228
"2026-03-02 22:00:00",24679
"2026-03-02 23:00:00",22895
"2026-03-03 00:00:00",23172
"2026-03-03 01:00:00",24286
"2026-03-03 02:00:00",25455
"2026-03-03 03:00:00",25480
"2026-03-03 04:00:00",25672
"2026-03-03 05:00:00",25640
"2026-03-03 06:00:00",25506
"2026-03-03 07:00:00",25938
"2026-03-03 08:00:00",26663
"2026-03-03 09:00:00",27272
"2026-03-03 10:00:00",29637
"2026-03-03 11:00:00",33809
"2026-03-03 12:00:00",38313
"2026-03-03 13:00:00",41315
"2026-03-03 14:00:00",41514
"2026-03-03 15:00:00",40292
"2026-03-03 16:00:00",35597
"2026-03-03 17:00:00",31445
"2026-03-03 18:00:00",28739
"2026-03-03 19:00:00",27079
"2026-03-03 20:00:00",25786
"2026-03-03 21:00:00",24682
"2026-03-03 22:00:00",23263
"2026-03-03 23:00:00",22030
"2026-03-04 00:00:00",22020
"2026-03-04 01:00:00",22926
"2026-03-04 02:00:00",23938
"2026-03-04 03:00:00",24034
"2026-03-04 04:00:00",24234
"2026-03-04 05:00:00",24222
"2026-03-04 06:00:00",23700
"2026-03-04 07:00:00",24235
"2026-03-04 08:00:00",25072
"2026-03-04 09:00:00",25859
"2026-03-04 10:00:00",28199
"2026-03-04 11:00:00",32441
"2026-03-04 12:00:00",36776
"2026-03-04 13:00:00",39857
"2026-03-04 14:00:00",40012
"2026-03-04 15:00:00",38754
"2026-03-04 16:00:00",34201
"2026-03-04 17:00:00",29973
"2026-03-04 18:00:00",27668
"2026-03-04 19:00:00",26281
"2026-03-04 20:00:00",25440
"2026-03-04 21:00:00",24090
"2026-03-04 22:00:00",22862
"2026-03-04 23:00:00",21537
"2026-03-05 00:00:00",21821
"2026-03-05 01:00:00",22658
"2026-03-05 02:00:00",23578
"2026-03-05 03:00:00",23605
"2026-03-05 04:00:00",23711
"2026-03-05 05:00:00",23698
"2026-03-05 06:00:00",23018
"2026-03-05 07:00:00",22923
"2026-03-05 08:00:00",23688
"2026-03-05 09:00:00",24703
"2026-03-05 10:00:00",27195
"2026-03-05 11:00:00",31298
"2026-03-05 12:00:00",35610
"2026-03-05 13:00:00",38559
"2026-03-05 14:00:00",38884
"2026-03-05 15:00:00",37801
"2026-03-05 16:00:00",33399
"2026-03-05 17:00:00",29442
"2026-03-05 18:00:00",26826
"2026-03-05 19:00:00",25149
"2026-03-05 20:00:00",24166
"2026-03-05 21:00:00",23317
"2026-03-05 22:00:00",21795
"2026-03-05 23:00:00",20850
"2026-03-06 00:00:00",21110
"2026-03-06 01:00:00",22222
"2026-03-06 02:00:00",23062
"2026-03-06 03:00:00",23159
"2026-03-06 04:00:00",23751
"2026-03-06 05:00:00",23696
"2026-03-06 06:00:00",23316
"2026-03-06 07:00:00",23611
"2026-03-06 08:00:00",24673
"2026-03-06 09:00:00",25635
"2026-03-06 10:00:00",27526
"2026-03-06 11:00:00",31438
"2026-03-06 12:00:00",36089
"2026-03-06 13:00:00",39653
"2026-03-06 14:00:00",40919
"2026-03-06 15:00:00",40738
"2026-03-06 16:00:00",37813
"2026-03-06 17:00:00",33792
"2026-03-06 18:00:00",30216
"2026-03-06 19:00:00",27617
"2026-03-06 20:00:00",26085
"2026-03-06 21:00:00",25298
"2026-03-06 22:00:00",24579
"2026-03-06 23:00:00",23606
"2026-03-07 00:00:00",23952
"2026-03-07 01:00:00",25991
"2026-03-07 02:00:00",28393
"2026-03-07 03:00:00",30091
"2026-03-07 04:00:00",31674
"2026-03-07 05:00:00",32919
"2026-03-07 06:00:00",33699
"2026-03-07 07:00:00",34211
"2026-03-07 08:00:00",34964
"2026-03-07 09:00:00",35241
"2026-03-07 10:00:00",36406
"2026-03-07 11:00:00",39088
"2026-03-07 12:00:00",43127
"2026-03-07 13:00:00",46107
"2026-03-07 14:00:00",47345
"2026-03-07 15:00:00",47176
"2026-03-07 16:00:00",44796
"2026-03-07 17:00:00",40966
"2026-03-07 18:00:00",37053
"2026-03-07 19:00:00",34284
"2026-03-07 20:00:00",32468
"2026-03-07 21:00:00",31320
"2026-03-07 22:00:00",30077
"2026-03-07 23:00:00",28566
"2026-03-08 00:00:00",27865
"2026-03-08 01:00:00",29557
"2026-03-08 02:00:00",32033
"2026-03-08 03:00:00",33736
"2026-03-08 04:00:00",35524
"2026-03-08 05:00:00",37366
"2026-03-08 06:00:00",38624
"2026-03-08 07:00:00",39449
"2026-03-08 08:00:00",40004
"2026-03-08 09:00:00",39993
"2026-03-08 10:00:00",39893
"2026-03-08 11:00:00",42359
"2026-03-08 12:00:00",45647
"2026-03-08 13:00:00",48451
"2026-03-08 14:00:00",48605
"2026-03-08 15:00:00",47205
"2026-03-08 16:00:00",42093
"2026-03-08 17:00:00",37827
"2026-03-08 18:00:00",35334
"2026-03-08 19:00:00",33592
"2026-03-08 20:00:00",32609
"2026-03-08 21:00:00",31359
"2026-03-08 22:00:00",29310
"2026-03-08 23:00:00",27237
"2026-03-09 00:00:00",25839
"2026-03-09 01:00:00",25289
"2026-03-09 02:00:00",25027
"2026-03-09 03:00:00",24914
"2026-03-09 04:00:00",23986
"2026-03-09 05:00:00",23921
"2026-03-09 06:00:00",22512
"2026-03-09 07:00:00",22545
"2026-03-09 08:00:00",23833
"2026-03-09 09:00:00",25322
"2026-03-09 10:00:00",28169
"2026-03-09 11:00:00",32349
"2026-03-09 12:00:00",37216
"2026-03-09 13:00:00",40757
"2026-03-09 14:00:00",41078
"2026-03-09 15:00:00",39592
"2026-03-09 16:00:00",33994
"2026-03-09 17:00:00",29699
"2026-03-09 18:00:00",27282
"2026-03-09 19:00:00",25825
"2026-03-09 20:00:00",25195
"2026-03-09 21:00:00",24426
"2026-03-09 22:00:00",23193
"2026-03-09 23:00:00",22410
"2026-03-10 00:00:00",22495
"2026-03-10 01:00:00",22951
"2026-03-10 02:00:00",23170
"2026-03-10 03:00:00",23099
"2026-03-10 04:00:00",22932
"2026-03-10 05:00:00",22956
"2026-03-10 06:00:00",21977
"2026-03-10 07:00:00",22128
"2026-03-10 08:00:00",23419
"2026-03-10 09:00:00",24746
"2026-03-10 10:00:00",27163
"2026-03-10 11:00:00",31458
"2026-03-10 12:00:00",36134
"2026-03-10 13:00:00",39909
"2026-03-10 14:00:00",40172
"2026-03-10 15:00:00",38870
"2026-03-10 16:00:00",33291
"2026-03-10 17:00:00",28707
"2026-03-10 18:00:00",26281
"2026-03-10 19:00:00",24802
"2026-03-10 20:00:00",24053
"2026-03-10 21:00:00",23482
"2026-03-10 22:00:00",22425
"2026-03-10 23:00:00",21289
"2026-03-11 00:00:00",21601
"2026-03-11 01:00:00",22018
"2026-03-11 02:00:00",22337
"2026-03-11 03:00:00",22320
"2026-03-11 04:00:00",22590
"2026-03-11 05:00:00",22564
"2026-03-11 06:00:00",21620
"2026-03-11 07:00:00",22192
"2026-03-11 08:00:00",23426
"2026-03-11 09:00:00",24523
"2026-03-11 10:00:00",26655
"2026-03-11 11:00:00",30774
"2026-03-11 12:00:00",35657
"2026-03-11 13:00:00",38941
"2026-03-11 14:00:00",39394
"2026-03-11 15:00:00",38065
"2026-03-11 16:00:00",32686
"2026-03-11 17:00:00",28297
"2026-03-11 18:00:00",25811
"2026-03-11 19:00:00",24614
"2026-03-11 20:00:00",23633
"2026-03-11 21:00:00",22926
"2026-03-11 22:00:00",22015
"2026-03-11 23:00:00",21292
"2026-03-12 00:00:00",21401
"2026-03-12 01:00:00",21959
"2026-03-12 02:00:00",22332
"2026-03-12 03:00:00",22353
"2026-03-12 04:00:00",22111
"2026-03-12 05:00:00",22119
"2026-03-12 06:00:00",20985
"2026-03-12 07:00:00",21238
"2026-03-12 08:00:00",22624
"2026-03-12 09:00:00",23932
"2026-03-12 10:00:00",25960
"2026-03-12 11:00:00",29819
"2026-03-12 12:00:00",34204
"2026-03-12 13:00:00",37449
"2026-03-12 14:00:00",37959
"2026-03-12 15:00:00",36676
"2026-03-12 16:00:00",31869
"2026-03-12 17:00:00",27947
"2026-03-12 18:00:00",25385
"2026-03-12 19:00:00",24175
"2026-03-12 20:00:00",23430
"2026-03-12 21:00:00",22674
"2026-03-12 22:00:00",21786
"2026-03-12 23:00:00",21061
"2026-03-13 00:00:00",21217
"2026-03-13 01:00:00",21931
"2026-03-13 02:00:00",22498
"2026-03-13 03:00:00",22535
"2026-03-13 04:00:00",22599
"2026-03-13 05:00:00",22642
"2026-03-13 06:00:00",21854
"2026-03-13 07:00:00",22034
"2026-03-13 08:00:00",23355
"2026-03-13 09:00:00",24701
"2026-03-13 10:00:00",26924
"2026-03-13 11:00:00",30570
"2026-03-13 12:00:00",35389
"2026-03-13 13:00:00",39395
"2026-03-13 14:00:00",40572
"2026-03-13 15:00:00",40298
"2026-03-13 16:00:00",36983
"2026-03-13 17:00:00",32902
"2026-03-13 18:00:00",29371
"2026-03-13 19:00:00",26941
"2026-03-13 20:00:00",25622
"2026-03-13 21:00:00",24905
"2026-03-13 22:00:00",24269
"2026-03-13 23:00:00",23573
"2026-03-14 00:00:00",23988
"2026-03-14 01:00:00",25746
"2026-03-14 02:00:00",27514
"2026-03-14 03:00:00",28922
"2026-03-14 04:00:00",30288
"2026-03-14 05:00:00",31425
"2026-03-14 06:00:00",32152
"2026-03-14 07:00:00",33063
"2026-03-14 08:00:00",33695
"2026-03-14 09:00:00",33898
"2026-03-14 10:00:00",35159
"2026-03-14 11:00:00",38326
"2026-03-14 12:00:00",42655
"2026-03-14 13:00:00",46397
"2026-03-14 14:00:00",47583
"2026-03-14 15:00:00",47470
"2026-03-14 16:00:00",44637
"2026-03-14 17:00:00",40383
"2026-03-14 18:00:00",36782
"2026-03-14 19:00:00",33568
"2026-03-14 20:00:00",31687
"2026-03-14 21:00:00",30606
"2026-03-14 22:00:00",28916
"2026-03-14 23:00:00",27600
"2026-03-15 00:00:00",27198
"2026-03-15 01:00:00",28896
"2026-03-15 02:00:00",31286
"2026-03-15 03:00:00",32559
"2026-03-15 04:00:00",34142
"2026-03-15 05:00:00",35786
"2026-03-15 06:00:00",37016
"2026-03-15 07:00:00",37997
"2026-03-15 08:00:00",38632
"2026-03-15 09:00:00",38784
"2026-03-15 10:00:00",39122
"2026-03-15 11:00:00",41908
"2026-03-15 12:00:00",45853
"2026-03-15 13:00:00",48682
"2026-03-15 14:00:00",48785
"2026-03-15 15:00:00",47386
"2026-03-15 16:00:00",42031
"2026-03-15 17:00:00",37350
"2026-03-15 18:00:00",34778
"2026-03-15 19:00:00",33386
"2026-03-15 20:00:00",32488
"2026-03-15 21:00:00",31034
"2026-03-15 22:00:00",28772
"2026-03-15 23:00:00",26767
"2026-03-16 00:00:00",25315
"2026-03-16 01:00:00",24877
"2026-03-16 02:00:00",24319
"2026-03-16 03:00:00",23782
"2026-03-16 04:00:00",23302
"2026-03-16 05:00:00",23227
"2026-03-16 06:00:00",21796
"2026-03-16 07:00:00",21646
"2026-03-16 08:00:00",22913
"2026-03-16 09:00:00",24425
"2026-03-16 10:00:00",27172
"2026-03-16 11:00:00",31532
"2026-03-16 12:00:00",36520
"2026-03-16 13:00:00",40105
"2026-03-16 14:00:00",40473
"2026-03-16 15:00:00",38951
"2026-03-16 16:00:00",33409
"2026-03-16 17:00:00",29292
"2026-03-16 18:00:00",27276
"2026-03-16 19:00:00",25916
"2026-03-16 20:00:00",25543
"2026-03-16 21:00:00",24693
"2026-03-16 22:00:00",23647
"2026-03-16 23:00:00",22602
"2026-03-17 00:00:00",22487
"2026-03-17 01:00:00",22696
"2026-03-17 02:00:00",22855
"2026-03-17 03:00:00",22874
"2026-03-17 04:00:00",22949
"2026-03-17 05:00:00",22979
"2026-03-17 06:00:00",21897
"2026-03-17 07:00:00",22134
"2026-03-17 08:00:00",23556
"2026-03-17 09:00:00",24986
"2026-03-17 10:00:00",27687
"2026-03-17 11:00:00",31340
"2026-03-17 12:00:00",36076
"2026-03-17 13:00:00",39435
"2026-03-17 14:00:00",39745
"2026-03-17 15:00:00",38531
"2026-03-17 16:00:00",33086
"2026-03-17 17:00:00",28449
"2026-03-17 18:00:00",25978
"2026-03-17 19:00:00",24510
"2026-03-17 20:00:00",23705
"2026-03-17 21:00:00",22827
"2026-03-17 22:00:00",20946
"2026-03-17 23:00:00",20661
"2026-03-18 00:00:00",21127
"2026-03-18 01:00:00",21465
"2026-03-18 02:00:00",21801
"2026-03-18 03:00:00",21667
"2026-03-18 04:00:00",22192
"2026-03-18 05:00:00",22269
"2026-03-18 06:00:00",21622
"2026-03-18 07:00:00",22129
"2026-03-18 08:00:00",23610
"2026-03-18 09:00:00",24574
"2026-03-18 10:00:00",26634
"2026-03-18 11:00:00",30275
"2026-03-18 12:00:00",34975
"2026-03-18 13:00:00",38467
"2026-03-18 14:00:00",38707
"2026-03-18 15:00:00",37753
"2026-03-18 16:00:00",32457
"2026-03-18 17:00:00",27558
"2026-03-18 18:00:00",25188
"2026-03-18 19:00:00",23495
"2026-03-18 20:00:00",22870
"2026-03-18 21:00:00",22250
"2026-03-18 22:00:00",21173
"2026-03-18 23:00:00",20246
"2026-03-19 00:00:00",20346
"2026-03-19 01:00:00",20884
"2026-03-19 02:00:00",21148
"2026-03-19 03:00:00",21113
"2026-03-19 04:00:00",21397
"2026-03-19 05:00:00",21368
"2026-03-19 06:00:00",20593
"2026-03-19 07:00:00",21098
"2026-03-19 08:00:00",22352
"2026-03-19 09:00:00",23814
"2026-03-19 10:00:00",26027
"2026-03-19 11:00:00",29547
"2026-03-19 12:00:00",34010
"2026-03-19 13:00:00",37317
"2026-03-19 14:00:00",37798
"2026-03-19 15:00:00",36755
"2026-03-19 16:00:00",31881
"2026-03-19 17:00:00",27470
"2026-03-19 18:00:00",24998
"2026-03-19 19:00:00",23392
"2026-03-19 20:00:00",22458
"2026-03-19 21:00:00",21506
"2026-03-19 22:00:00",20377
"2026-03-19 23:00:00",19554
"2026-03-20 00:00:00",20056
"2026-03-20 01:00:00",20788
"2026-03-20 02:00:00",21563
"2026-03-20 03:00:00",21678
"2026-03-20 04:00:00",22575
"2026-03-20 05:00:00",22594
"2026-03-20 06:00:00",22404
"2026-03-20 07:00:00",23275
"2026-03-20 08:00:00",24784
"2026-03-20 09:00:00",25800
"2026-03-20 10:00:00",27983
"2026-03-20 11:00:00",31554
"2026-03-20 12:00:00",36277
"2026-03-20 13:00:00",40008
"2026-03-20 14:00:00",41076
"2026-03-20 15:00:00",40798
"2026-03-20 16:00:00",37492
"2026-03-20 17:00:00",32875
"2026-03-20 18:00:00",29294
"2026-03-20 19:00:00",26456
"2026-03-20 20:00:00",24810
"2026-03-20 21:00:00",23805
"2026-03-20 22:00:00",22827
"2026-03-20 23:00:00",21924
"2026-03-21 00:00:00",22569
"2026-03-21 01:00:00",24536
"2026-03-21 02:00:00",26717
"2026-03-21 03:00:00",27502
"2026-03-21 04:00:00",29377
"2026-03-21 05:00:00",31494
"2026-03-21 06:00:00",33033
"2026-03-21 07:00:00",34300
"2026-03-21 08:00:00",35223
"2026-03-21 09:00:00",35535
"2026-03-21 10:00:00",36439
"2026-03-21 11:00:00",39213
"2026-03-21 12:00:00",43377
"2026-03-21 13:00:00",46806
"2026-03-21 14:00:00",48324
"2026-03-21 15:00:00",48098
"2026-03-21 16:00:00",45386
"2026-03-21 17:00:00",40729
"2026-03-21 18:00:00",36574
"2026-03-21 19:00:00",32974
"2026-03-21 20:00:00",31059
"2026-03-21 21:00:00",29488
"2026-03-21 22:00:00",28194
"2026-03-21 23:00:00",26646
"2026-03-22 00:00:00",26149
"2026-03-22 01:00:00",28244
"2026-03-22 02:00:00",30809
"2026-03-22 03:00:00",32996
"2026-03-22 04:00:00",34902
"2026-03-22 05:00:00",36619
"2026-03-22 06:00:00",38418
"2026-03-22 07:00:00",39766
"2026-03-22 08:00:00",40855
"2026-03-22 09:00:00",40969
"2026-03-22 10:00:00",41299
"2026-03-22 11:00:00",43788
"2026-03-22 12:00:00",48134
"2026-03-22 13:00:00",51061
"2026-03-22 14:00:00",51244
"2026-03-22 15:00:00",49522
"2026-03-22 16:00:00",43330
"2026-03-22 17:00:00",38048
"2026-03-22 18:00:00",34928
"2026-03-22 19:00:00",32903
"2026-03-22 20:00:00",31503
"2026-03-22 21:00:00",29742
"2026-03-22 22:00:00",27430
"2026-03-22 23:00:00",25571
"2026-03-23 00:00:00",24194
"2026-03-23 01:00:00",23817
"2026-03-23 02:00:00",23951
"2026-03-23 03:00:00",23935
"2026-03-23 04:00:00",24194
"2026-03-23 05:00:00",24139
"2026-03-23 06:00:00",22912
"2026-03-23 07:00:00",23311
"2026-03-23 08:00:00",25075
"2026-03-23 09:00:00",25302
"2026-03-23 09:10:00",25618
"2026-03-23 09:20:00",25942
"2026-03-23 09:30:00",26166
"2026-03-23 09:40:00",26495
"2026-03-23 09:50:00",26884
"2026-03-23 10:00:00",27178
"2026-03-23 10:10:00",27634
"2026-03-23 10:20:00",28171
"2026-03-23 10:30:00",28608
"2026-03-23 10:40:00",29128
"2026-03-23 10:50:00",29585
"2026-03-23 11:00:00",30216
"2026-03-23 11:10:00",30894
"2026-03-23 11:20:00",31686
"2026-03-23 11:30:00",32599
"2026-03-23 11:40:00",33457
"2026-03-23 11:50:00",34382
"2026-03-23 12:00:00",35254
"2026-03-23 12:10:00",36125
"2026-03-23 12:20:00",37108
"2026-03-23 12:30:00",38159
"2026-03-23 12:40:00",39037
"2026-03-23 12:50:00",39927
"2026-03-23 13:00:00",40634
"2026-03-23 13:10:00",41429
"2026-03-23 13:20:00",42132
"2026-03-23 13:30:00",42716
"2026-03-23 13:40:00",43153
"2026-03-23 13:50:00",43610
"2026-03-23 14:00:00",43865
"2026-03-23 14:10:00",43963
"2026-03-23 14:20:00",44048
"2026-03-23 14:30:00",43978
"2026-03-23 14:40:00",43590
"2026-03-23 14:50:00",43193
"2026-03-23 15:00:00",42214
"2026-03-23 15:10:00",40600
"2026-03-23 15:20:00",39731
"2026-03-23 15:30:00",38769
"2026-03-23 15:40:00",37429
"2026-03-23 15:50:00",36473
"2026-03-23 16:00:00",35352
"2026-03-23 16:10:00",34080
"2026-03-23 16:20:00",33180
"2026-03-23 16:30:00",32207
"2026-03-23 16:40:00",31282
"2026-03-23 16:50:00",30596
"2026-03-23 17:00:00",29931
"2026-03-23 17:10:00",29240
"2026-03-23 17:20:00",28780
"2026-03-23 17:30:00",28254
"2026-03-23 17:40:00",27893
"2026-03-23 17:50:00",27454
"2026-03-23 18:00:00",27180
"2026-03-23 18:10:00",26756
"2026-03-23 18:20:00",26516
"2026-03-23 18:30:00",26283
"2026-03-23 18:40:00",26047
"2026-03-23 18:50:00",25793
"2026-03-23 19:00:00",25579
"2026-03-23 19:10:00",25303
"2026-03-23 19:20:00",25057
"2026-03-23 19:30:00",24957
"2026-03-23 19:40:00",24878
"2026-03-23 19:50:00",24758
"2026-03-23 20:00:00",24651
"2026-03-23 20:10:00",24458
"2026-03-23 20:20:00",24357
"2026-03-23 20:30:00",24156
"2026-03-23 20:40:00",23945
"2026-03-23 20:50:00",23820
"2026-03-23 21:00:00",23550
"2026-03-23 21:10:00",23298
"2026-03-23 21:20:00",23040
"2026-03-23 21:30:00",22884
"2026-03-23 21:40:00",22709
"2026-03-23 21:50:00",22598
"2026-03-23 22:00:00",22448
"2026-03-23 22:10:00",22213
"2026-03-23 22:20:00",22054
"2026-03-23 22:30:00",21939
"2026-03-23 22:40:00",21810
"2026-03-23 22:50:00",21652
"2026-03-23 23:00:00",21529
"2026-03-23 23:10:00",21310
"2026-03-23 23:20:00",21260
"2026-03-23 23:30:00",21207
"2026-03-23 23:40:00",21220
"2026-03-23 23:50:00",21195
"2026-03-24 00:00:00",21153
"2026-03-24 00:10:00",21245
"2026-03-24 00:20:00",21376
"2026-03-24 00:30:00",21492
"2026-03-24 00:40:00",21540
"2026-03-24 00:50:00",21746
"2026-03-24 01:00:00",21850
"2026-03-24 01:10:00",21933
"2026-03-24 01:20:00",21961
"2026-03-24 01:30:00",22037
"2026-03-24 01:40:00",22150
"2026-03-24 01:50:00",22245
"2026-03-24 02:00:00",22326
"2026-03-24 02:10:00",22438
"2026-03-24 02:20:00",22566
"2026-03-24 02:30:00",22605
"2026-03-24 02:40:00",22679
"2026-03-24 02:50:00",22782
"2026-03-24 03:00:00",22794
"2026-03-24 03:10:00",22756
"2026-03-24 03:20:00",22777
"2026-03-24 03:30:00",22763
"2026-03-24 03:40:00",22648
"2026-03-24 03:50:00",22681
"2026-03-24 04:00:00",22788
"2026-03-24 04:10:00",23006
"2026-03-24 04:20:00",23494
"2026-03-24 04:30:00",23835
"2026-03-24 04:40:00",24093
"2026-03-24 04:50:00",24150
"2026-03-24 05:00:00",24178
"2026-03-24 05:10:00",23939
"2026-03-24 05:20:00",23847
"2026-03-24 05:30:00",23739
"2026-03-24 05:40:00",23494
"2026-03-24 05:50:00",23178
"2026-03-24 06:00:00",23059
"2026-03-24 06:10:00",22917
"2026-03-24 06:20:00",22784
"2026-03-24 06:30:00",22716
"2026-03-24 06:40:00",22744
"2026-03-24 06:50:00",22801
"2026-03-24 07:00:00",22907
"2026-03-24 07:10:00",23001
"2026-03-24 07:20:00",23071
"2026-03-24 07:30:00",23145
"2026-03-24 07:40:00",23270
"2026-03-24 07:50:00",23529
"2026-03-24 08:00:00",23812
"2026-03-24 08:10:00",24114
"2026-03-24 08:20:00",24303
"2026-03-24 08:30:00",24647
"2026-03-24 08:40:00",24975
"2026-03-24 08:50:00",25264
"2026-03-24 09:00:00",25375
"2026-03-24 09:10:00",25658
"2026-03-24 09:20:00",25964
"2026-03-24 09:30:00",26242
"2026-03-24 09:40:00",26574
"2026-03-24 09:50:00",26971
"2026-03-24 10:00:00",27322
"2026-03-24 10:10:00",27686
"2026-03-24 10:20:00",28174
"2026-03-24 10:30:00",28653
"2026-03-24 10:40:00",29236
"2026-03-24 10:50:00",29868
"2026-03-24 11:00:00",30570
"2026-03-24 11:10:00",31208
"2026-03-24 11:20:00",31945
"2026-03-24 11:30:00",32722
"2026-03-24 11:40:00",33546
"2026-03-24 11:50:00",34433
"2026-03-24 12:00:00",35324
"2026-03-24 12:10:00",36147
"2026-03-24 12:20:00",37053
"2026-03-24 12:30:00",37892
"2026-03-24 12:40:00",38910
"2026-03-24 12:50:00",39804
"2026-03-24 13:00:00",40629
"2026-03-24 13:10:00",41527
"2026-03-24 13:20:00",42342
"2026-03-24 13:30:00",43045
"2026-03-24 13:40:00",43554
"2026-03-24 13:50:00",44051
"2026-03-24 14:00:00",44280
"2026-03-24 14:10:00",44224
"2026-03-24 14:20:00",44101
"2026-03-24 14:30:00",43830
"2026-03-24 14:40:00",43413
"2026-03-24 14:50:00",43064
"2026-03-24 15:00:00",42285
"2026-03-24 15:10:00",40695
"2026-03-24 15:20:00",39701
"2026-03-24 15:30:00",38634
"2026-03-24 15:40:00",37358
"2026-03-24 15:50:00",36269
"2026-03-24 16:00:00",35186
"2026-03-24 16:10:00",33835
"2026-03-24 16:20:00",32776
"2026-03-24 16:30:00",31899
"2026-03-24 16:40:00",31154
"2026-03-24 16:50:00",30420
"2026-03-24 17:00:00",29799
"2026-03-24 17:10:00",29128
"2026-03-24 17:20:00",28531
"2026-03-24 17:30:00",27991
"2026-03-24 17:40:00",27462
"2026-03-24 17:50:00",27067
"2026-03-24 18:00:00",26588
"2026-03-24 18:10:00",26162
"2026-03-24 18:20:00",25894
"2026-03-24 18:30:00",25597
"2026-03-24 18:40:00",25408
"2026-03-24 18:50:00",25140
"2026-03-24 19:00:00",24882
"2026-03-24 19:10:00",24761
"2026-03-24 19:20:00",24582
"2026-03-24 19:30:00",24334
"2026-03-24 19:40:00",24233
"2026-03-24 19:50:00",24085
"2026-03-24 20:00:00",23909
"2026-03-24 20:10:00",23668
"2026-03-24 20:20:00",23548
"2026-03-24 20:30:00",23397
"2026-03-24 20:40:00",23264
"2026-03-24 20:50:00",23112
"2026-03-24 21:00:00",22904
"2026-03-24 21:10:00",22642
"2026-03-24 21:20:00",22416
"2026-03-24 21:30:00",22219
"2026-03-24 21:40:00",21964
"2026-03-24 21:50:00",21790
"2026-03-24 22:00:00",21621
"2026-03-24 22:10:00",21436
"2026-03-24 22:20:00",21254
"2026-03-24 22:30:00",20989
"2026-03-24 22:40:00",20980
"2026-03-24 22:50:00",20912
"2026-03-24 23:00:00",20828
"2026-03-24 23:10:00",20698
"2026-03-24 23:20:00",20707
"2026-03-24 23:30:00",20600
"2026-03-24 23:40:00",20476
"2026-03-24 23:50:00",20506
"2026-03-25 00:00:00",20506
"2026-03-25 00:10:00",20614
"2026-03-25 00:20:00",20831
"2026-03-25 00:30:00",20968
"2026-03-25 00:40:00",21165
"2026-03-25 00:50:00",21283
"2026-03-25 01:00:00",21370
"2026-03-25 01:10:00",21448
"2026-03-25 01:20:00",21509
"2026-03-25 01:30:00",21588
"2026-03-25 01:40:00",21751
"2026-03-25 01:50:00",21902
"2026-03-25 02:00:00",21968
"2026-03-25 02:10:00",22043
"2026-03-25 02:20:00",22221
"2026-03-25 02:30:00",22306
"2026-03-25 02:40:00",22430
"2026-03-25 02:50:00",22415
"2026-03-25 03:00:00",22376
"2026-03-25 03:10:00",22349
"2026-03-25 03:20:00",22358
"2026-03-25 03:30:00",22315
"2026-03-25 03:40:00",22139
"2026-03-25 03:50:00",22201
"2026-03-25 04:00:00",22228
"2026-03-25 04:10:00",22417
"2026-03-25 04:20:00",22876
"2026-03-25 04:30:00",23252
"2026-03-25 04:40:00",23610
"2026-03-25 04:50:00",23837
"2026-03-25 05:00:00",23841
"2026-03-25 05:10:00",23790
"2026-03-25 05:20:00",23766
"2026-03-25 05:30:00",23630
"2026-03-25 05:40:00",23441
"2026-03-25 05:50:00",23342
"2026-03-25 06:00:00",23153
"2026-03-25 06:10:00",22958
"2026-03-25 06:20:00",22895
"2026-03-25 06:30:00",22886
"2026-03-25 06:40:00",22953
"2026-03-25 06:50:00",22968
"2026-03-25 07:00:00",23003
"2026-03-25 07:10:00",23071
"2026-03-25 07:20:00",23298
"2026-03-25 07:30:00",23456
"2026-03-25 07:40:00",23619
"2026-03-25 07:50:00",23880
"2026-03-25 08:00:00",24157
"2026-03-25 08:10:00",24460
"2026-03-25 08:20:00",24754
"2026-03-25 08:30:00",25002
"2026-03-25 08:40:00",25267
"2026-03-25 08:50:00",25493
"2026-03-25 09:00:00",25713
"2026-03-25 09:10:00",25904
"2026-03-25 09:20:00",26091
"2026-03-25 09:30:00",26362
"2026-03-25 09:40:00",26552
"2026-03-25 09:50:00",26900
"2026-03-25 10:00:00",27162
"2026-03-25 10:10:00",27491
"2026-03-25 10:20:00",27908
"2026-03-25 10:30:00",28238
"2026-03-25 10:40:00",28788
"2026-03-25 10:50:00",29265
"2026-03-25 11:00:00",29866
"2026-03-25 11:10:00",30521
"2026-03-25 11:20:00",31220
"2026-03-25 11:30:00",32034
"2026-03-25 11:40:00",32766
"2026-03-25 11:50:00",33586
"2026-03-25 12:00:00",34353
"2026-03-25 12:10:00",35321
"2026-03-25 12:20:00",36331
"2026-03-25 12:30:00",37338
"2026-03-25 12:40:00",38430
"2026-03-25 12:50:00",39271
"2026-03-25 13:00:00",39865
"2026-03-25 13:10:00",40759
"2026-03-25 13:20:00",41504
"2026-03-25 13:30:00",41958
"2026-03-25 13:40:00",42523
"2026-03-25 13:50:00",42975
"2026-03-25 14:00:00",43109
"2026-03-25 14:10:00",43244
"2026-03-25 14:20:00",43298
"2026-03-25 14:30:00",43175
"2026-03-25 14:40:00",42903
"2026-03-25 14:50:00",42468
"2026-03-25 15:00:00",41616
"2026-03-25 15:10:00",40155
"2026-03-25 15:20:00",39258
"2026-03-25 15:30:00",38181
"2026-03-25 15:40:00",36767
"2026-03-25 15:50:00",35713
"2026-03-25 16:00:00",34623
"2026-03-25 16:10:00",33118
"2026-03-25 16:20:00",31974
"2026-03-25 16:30:00",31149
"2026-03-25 16:40:00",30409
"2026-03-25 16:50:00",29711
"2026-03-25 17:00:00",28926
"2026-03-25 17:10:00",28229
"2026-03-25 17:20:00",27676
"2026-03-25 17:30:00",27200
"2026-03-25 17:40:00",26657
"2026-03-25 17:50:00",26226
"2026-03-25 18:00:00",25879
"2026-03-25 18:10:00",25381
"2026-03-25 18:20:00",25152
"2026-03-25 18:30:00",24874
"2026-03-25 18:40:00",24460
"2026-03-25 18:50:00",24245
"2026-03-25 19:00:00",23901
"2026-03-25 19:10:00",23594
"2026-03-25 19:20:00",23265
"2026-03-25 19:30:00",22955
"2026-03-25 19:40:00",22818
"2026-03-25 19:50:00",22712
"2026-03-25 20:00:00",22537
"2026-03-25 20:10:00",22309
"2026-03-25 20:20:00",22180
"2026-03-25 20:30:00",22006
"2026-03-25 20:40:00",21705
"2026-03-25 20:50:00",21642
"2026-03-25 21:00:00",21389
"2026-03-25 21:10:00",21166
"2026-03-25 21:20:00",21042
"2026-03-25 21:30:00",20895
"2026-03-25 21:40:00",20758
"2026-03-25 21:50:00",20686
"2026-03-25 22:00:00",20645
"2026-03-25 22:10:00",20387
"2026-03-25 22:20:00",20268
"2026-03-25 22:30:00",20210
"2026-03-25 22:40:00",20153
"2026-03-25 22:50:00",20113
"2026-03-25 23:00:00",20044
"2026-03-25 23:10:00",19956
"2026-03-25 23:20:00",19863
"2026-03-25 23:30:00",19831
"2026-03-25 23:40:00",19838
"2026-03-25 23:50:00",19806
"2026-03-26 00:00:00",19699
"2026-03-26 00:10:00",19656
"2026-03-26 00:20:00",19700
"2026-03-26 00:30:00",19799
"2026-03-26 00:40:00",19910
"2026-03-26 00:50:00",20082
"2026-03-26 01:00:00",20179
"2026-03-26 01:10:00",20289
"2026-03-26 01:20:00",20371
"2026-03-26 01:30:00",20470
"2026-03-26 01:40:00",20596
"2026-03-26 01:50:00",20739
"2026-03-26 02:00:00",20850
"2026-03-26 02:10:00",20945
"2026-03-26 02:20:00",21091
"2026-03-26 02:30:00",21149
"2026-03-26 02:40:00",21201
"2026-03-26 02:50:00",21156
"2026-03-26 03:00:00",21035
"2026-03-26 03:10:00",20925
"2026-03-26 03:20:00",20922
"2026-03-26 03:30:00",20883
"2026-03-26 03:40:00",20813
"2026-03-26 03:50:00",20881
"2026-03-26 04:00:00",20969
"2026-03-26 04:10:00",21156
"2026-03-26 04:20:00",21476
"2026-03-26 04:30:00",21770
"2026-03-26 04:40:00",22027
"2026-03-26 04:50:00",22095
"2026-03-26 05:00:00",22117
"2026-03-26 05:10:00",21919
"2026-03-26 05:20:00",21778
"2026-03-26 05:30:00",21692
"2026-03-26 05:40:00",21505
"2026-03-26 05:50:00",21391
"2026-03-26 06:00:00",21125
"2026-03-26 06:10:00",20947
"2026-03-26 06:20:00",20938
"2026-03-26 06:30:00",20963
"2026-03-26 06:40:00",20960
"2026-03-26 06:50:00",20998
"2026-03-26 07:00:00",21026
"2026-03-26 07:10:00",21055
"2026-03-26 07:20:00",21150
"2026-03-26 07:30:00",21281
"2026-03-26 07:40:00",21351
"2026-03-26 07:50:00",21569
"2026-03-26 08:00:00",21827
"2026-03-26 08:10:00",21930
"2026-03-26 08:20:00",22368
"2026-03-26 08:30:00",22497
"2026-03-26 08:40:00",22724
"2026-03-26 08:50:00",22945
"2026-03-26 09:00:00",23067
"2026-03-26 09:10:00",23221
"2026-03-26 09:20:00",23557
"2026-03-26 09:30:00",23716
"2026-03-26 09:40:00",23962
"2026-03-26 09:50:00",24243
"2026-03-26 10:00:00",24525
"2026-03-26 10:10:00",24786
"2026-03-26 10:20:00",25221
"2026-03-26 10:30:00",25664
"2026-03-26 10:40:00",26072
"2026-03-26 10:50:00",26603
"2026-03-26 11:00:00",27096
"2026-03-26 11:10:00",27633
"2026-03-26 11:20:00",28487
"2026-03-26 11:30:00",29249
"2026-03-26 11:40:00",29924
"2026-03-26 11:50:00",30601
"2026-03-26 12:00:00",31413
"2026-03-26 12:10:00",32279
"2026-03-26 12:20:00",33137
"2026-03-26 12:30:00",33999
"2026-03-26 12:40:00",34847
"2026-03-26 12:50:00",35599
"2026-03-26 13:00:00",36375
"2026-03-26 13:10:00",37076
"2026-03-26 13:20:00",37827
"2026-03-26 13:30:00",38486
"2026-03-26 13:40:00",38941
"2026-03-26 13:50:00",39408
"2026-03-26 14:00:00",39772
"2026-03-26 14:10:00",39920
"2026-03-26 14:20:00",40054
"2026-03-26 14:30:00",40116
"2026-03-26 14:40:00",39854
"2026-03-26 14:50:00",39493
"2026-03-26 15:00:00",39124
"2026-03-26 15:10:00",37797
"2026-03-26 15:20:00",36864
"2026-03-26 15:30:00",36035
"2026-03-26 15:40:00",35102
"2026-03-26 15:50:00",34217
"2026-03-26 16:00:00",33362
"2026-03-26 16:10:00",32173
"2026-03-26 16:20:00",31191
"2026-03-26 16:30:00",30463
"2026-03-26 16:40:00",29738
"2026-03-26 16:50:00",28963
"2026-03-26 17:00:00",28305
"2026-03-26 17:10:00",27598
"2026-03-26 17:20:00",27146
"2026-03-26 17:30:00",26711
"2026-03-26 17:40:00",26142
"2026-03-26 17:50:00",25800
"2026-03-26 18:00:00",25378
"2026-03-26 18:10:00",25020
"2026-03-26 18:20:00",24585
"2026-03-26 18:30:00",24326
"2026-03-26 18:40:00",24106
"2026-03-26 18:50:00",23816
"2026-03-26 19:00:00",23604
"2026-03-26 19:10:00",23371
"2026-03-26 19:20:00",23129
"2026-03-26 19:30:00",23007
"2026-03-26 19:40:00",22843
"2026-03-26 19:50:00",22787
"2026-03-26 20:00:00",22638
"2026-03-26 20:10:00",22465
"2026-03-26 20:20:00",22327
"2026-03-26 20:30:00",22166
"2026-03-26 20:40:00",22018
"2026-03-26 20:50:00",21674
"2026-03-26 21:00:00",21566
"2026-03-26 21:10:00",21328
"2026-03-26 21:20:00",21133
"2026-03-26 21:30:00",20909
"2026-03-26 21:40:00",20693
"2026-03-26 21:50:00",20592
"2026-03-26 22:00:00",19716
"2026-03-26 22:10:00",20005
"2026-03-26 22:20:00",20030
"2026-03-26 22:30:00",19994
"2026-03-26 22:40:00",19928
"2026-03-26 22:50:00",19977
"2026-03-26 23:00:00",19947
"2026-03-26 23:10:00",19797
"2026-03-26 23:20:00",19695
"2026-03-26 23:30:00",19596
"2026-03-26 23:40:00",19523
"2026-03-26 23:50:00",19481
"2026-03-27 00:00:00",19419
"2026-03-27 00:10:00",19435
"2026-03-27 00:20:00",19498
"2026-03-27 00:30:00",19545
"2026-03-27 00:40:00",19739
"2026-03-27 00:50:00",19850
"2026-03-27 01:00:00",20008
"2026-03-27 01:10:00",20071
"2026-03-27 01:20:00",20175
"2026-03-27 01:30:00",20341
"2026-03-27 01:40:00",20462
"2026-03-27 01:50:00",20538
"2026-03-27 02:00:00",20707
"2026-03-27 02:10:00",20791
"2026-03-27 02:20:00",20953
"2026-03-27 02:30:00",21003
"2026-03-27 02:40:00",21079
"2026-03-27 02:50:00",21173
"2026-03-27 03:00:00",21152
"2026-03-27 03:10:00",21080
"2026-03-27 03:20:00",21117
"2026-03-27 03:30:00",21162
"2026-03-27 03:40:00",21077
"2026-03-27 03:50:00",21065
"2026-03-27 04:00:00",21156
"2026-03-27 04:10:00",21293
"2026-03-27 04:20:00",21583
"2026-03-27 04:30:00",21969
"2026-03-27 04:40:00",22204
"2026-03-27 04:50:00",22378
"2026-03-27 05:00:00",22452
"2026-03-27 05:10:00",22435
"2026-03-27 05:20:00",22334
"2026-03-27 05:30:00",22249
"2026-03-27 05:40:00",21954
"2026-03-27 05:50:00",21827
"2026-03-27 06:00:00",21669
"2026-03-27 06:10:00",21574
"2026-03-27 06:20:00",21451
"2026-03-27 06:30:00",21488
"2026-03-27 06:40:00",21496
"2026-03-27 06:50:00",21541
"2026-03-27 07:00:00",21632
"2026-03-27 07:10:00",21800
"2026-03-27 07:20:00",21887
"2026-03-27 07:30:00",22012
"2026-03-27 07:40:00",22184
"2026-03-27 07:50:00",22310
"2026-03-27 08:00:00",22440
"2026-03-27 08:10:00",22780
"2026-03-27 08:20:00",23041
"2026-03-27 08:30:00",23290
"2026-03-27 08:40:00",23498
"2026-03-27 08:50:00",23614
"2026-03-27 09:00:00",24005
"2026-03-27 09:10:00",24244
"2026-03-27 09:20:00",24563
"2026-03-27 09:30:00",24863
"2026-03-27 09:40:00",25031
"2026-03-27 09:50:00",25319
"2026-03-27 10:00:00",25568
"2026-03-27 10:10:00",25769
"2026-03-27 10:20:00",26053
"2026-03-27 10:30:00",26434
"2026-03-27 10:40:00",26837
"2026-03-27 10:50:00",27478
"2026-03-27 11:00:00",28025
"2026-03-27 11:10:00",28580
"2026-03-27 11:20:00",29335
"2026-03-27 11:30:00",29973
"2026-03-27 11:40:00",30739
"2026-03-27 11:50:00",31464
"2026-03-27 12:00:00",32180
"2026-03-27 12:10:00",32786
"2026-03-27 12:20:00",33639
"2026-03-27 12:30:00",34320
"2026-03-27 12:40:00",35199
"2026-03-27 12:50:00",36033
"2026-03-27 13:00:00",36850
"2026-03-27 13:10:00",37577
"2026-03-27 13:20:00",38134
"2026-03-27 13:30:00",38778
"2026-03-27 13:40:00",39395
"2026-03-27 13:50:00",39912
"2026-03-27 14:00:00",40233
"2026-03-27 14:10:00",40693
"2026-03-27 14:20:00",40855
"2026-03-27 14:30:00",41097
"2026-03-27 14:40:00",41115
"2026-03-27 14:50:00",41085
"2026-03-27 15:00:00",40976
"2026-03-27 15:10:00",40469
"2026-03-27 15:20:00",40015
"2026-03-27 15:30:00",39706
"2026-03-27 15:40:00",39023
"2026-03-27 15:50:00",38447
"2026-03-27 16:00:00",37751
"2026-03-27 16:10:00",36794
"2026-03-27 16:20:00",36074
"2026-03-27 16:30:00",35314
"2026-03-27 16:40:00",34676
"2026-03-27 16:50:00",34022
"2026-03-27 17:00:00",33323
"2026-03-27 17:10:00",32552
"2026-03-27 17:20:00",31782
"2026-03-27 17:30:00",31217
"2026-03-27 17:40:00",30591
"2026-03-27 17:50:00",30036
"2026-03-27 18:00:00",29438
"2026-03-27 18:10:00",28856
"2026-03-27 18:20:00",28218
"2026-03-27 18:30:00",27822
"2026-03-27 18:40:00",27301
"2026-03-27 18:50:00",26960
"2026-03-27 19:00:00",26509
"2026-03-27 19:10:00",26164
"2026-03-27 19:20:00",25923
"2026-03-27 19:30:00",25701
"2026-03-27 19:40:00",25420
"2026-03-27 19:50:00",25236
"2026-03-27 20:00:00",25194
"2026-03-27 20:10:00",24953
"2026-03-27 20:20:00",24766
"2026-03-27 20:30:00",24611
"2026-03-27 20:40:00",24550
"2026-03-27 20:50:00",24498
"2026-03-27 21:00:00",24339
"2026-03-27 21:10:00",24092
"2026-03-27 21:20:00",23898
"2026-03-27 21:30:00",23805
"2026-03-27 21:40:00",23638
"2026-03-27 21:50:00",23460
"2026-03-27 22:00:00",23279
"2026-03-27 22:10:00",23111
"2026-03-27 22:20:00",22977
"2026-03-27 22:30:00",22868
"2026-03-27 22:40:00",22769
"2026-03-27 22:50:00",22696
"2026-03-27 23:00:00",22628
"2026-03-27 23:10:00",22455
"2026-03-27 23:20:00",22308
"2026-03-27 23:30:00",22318
"2026-03-27 23:40:00",22290
"2026-03-27 23:50:00",22287
"2026-03-28 00:00:00",22321
"2026-03-28 00:10:00",22325
"2026-03-28 00:20:00",22464
"2026-03-28 00:30:00",22578
"2026-03-28 00:40:00",22714
"2026-03-28 00:50:00",22859
"2026-03-28 01:00:00",23087
"2026-03-28 01:10:00",23428
"2026-03-28 01:20:00",23779
"2026-03-28 01:30:00",24049
"2026-03-28 01:40:00",24459
"2026-03-28 01:50:00",24837
"2026-03-28 02:00:00",25229
"2026-03-28 02:10:00",25596
"2026-03-28 02:20:00",26106
"2026-03-28 02:30:00",26414
"2026-03-28 02:40:00",26670
"2026-03-28 02:50:00",26903
"2026-03-28 03:00:00",27237
"2026-03-28 03:10:00",27447
"2026-03-28 03:20:00",27771
"2026-03-28 03:30:00",27952
"2026-03-28 03:40:00",28166
"2026-03-28 03:50:00",28451
"2026-03-28 04:00:00",28560
"2026-03-28 04:10:00",28706
"2026-03-28 04:20:00",29016
"2026-03-28 04:30:00",29367
"2026-03-28 04:40:00",29618
"2026-03-28 04:50:00",29786
"2026-03-28 05:00:00",29941
"2026-03-28 05:10:00",30211
"2026-03-28 05:20:00",30388
"2026-03-28 05:30:00",30560
"2026-03-28 05:40:00",30869
"2026-03-28 05:50:00",31004
"2026-03-28 06:00:00",31202
"2026-03-28 06:10:00",31352
"2026-03-28 06:20:00",31590
"2026-03-28 06:30:00",31738
"2026-03-28 06:40:00",31885
"2026-03-28 06:50:00",32145
"2026-03-28 07:00:00",32412
"2026-03-28 07:10:00",32590
"2026-03-28 07:20:00",32725
"2026-03-28 07:30:00",32925
"2026-03-28 07:40:00",33091
"2026-03-28 07:50:00",33346
"2026-03-28 08:00:00",33470
"2026-03-28 08:10:00",33596
"2026-03-28 08:20:00",33751
"2026-03-28 08:30:00",34051
"2026-03-28 08:40:00",34395
"2026-03-28 08:50:00",34471
"2026-03-28 09:00:00",34489
"2026-03-28 09:10:00",34557
"2026-03-28 09:20:00",34690
"2026-03-28 09:30:00",34772
"2026-03-28 09:40:00",34814
"2026-03-28 09:50:00",34996
"2026-03-28 10:00:00",35037
"2026-03-28 10:10:00",35134
"2026-03-28 10:20:00",35296
"2026-03-28 10:30:00",35530
"2026-03-28 10:40:00",35741
"2026-03-28 10:50:00",36124
"2026-03-28 11:00:00",36486
"2026-03-28 11:10:00",36851
"2026-03-28 11:20:00",37439
"2026-03-28 11:30:00",38115
"2026-03-28 11:40:00",38730
"2026-03-28 11:50:00",39329
"2026-03-28 12:00:00",39930
"2026-03-28 12:10:00",40624
"2026-03-28 12:20:00",41448
"2026-03-28 12:30:00",42146
"2026-03-28 12:40:00",42917
"2026-03-28 12:50:00",43656
"2026-03-28 13:00:00",44216
"2026-03-28 13:10:00",45209
"2026-03-28 13:20:00",45845
"2026-03-28 13:30:00",43158
"2026-03-28 13:40:00",45003
"2026-03-28 13:50:00",47437
"2026-03-28 14:00:00",47865
"2026-03-28 14:10:00",48289
"2026-03-28 14:20:00",48587
"2026-03-28 14:30:00",48834
"2026-03-28 14:40:00",49091
"2026-03-28 14:50:00",49169
"2026-03-28 15:00:00",49113
"2026-03-28 15:10:00",48629
"2026-03-28 15:20:00",48186
"2026-03-28 15:30:00",47928
"2026-03-28 15:40:00",47189
"2026-03-28 15:50:00",46652
"2026-03-28 16:00:00",46094
"2026-03-28 16:10:00",44982
"2026-03-28 16:20:00",44134
"2026-03-28 16:30:00",43407
"2026-03-28 16:40:00",42540
"2026-03-28 16:50:00",41767
"2026-03-28 17:00:00",41018
"2026-03-28 17:10:00",40208
"2026-03-28 17:20:00",39419
"2026-03-28 17:30:00",38541
"2026-03-28 17:40:00",37888
"2026-03-28 17:50:00",37250
"2026-03-28 18:00:00",36687
"2026-03-28 18:10:00",36078
"2026-03-28 18:20:00",35442
"2026-03-28 18:30:00",34942
"2026-03-28 18:40:00",34330
"2026-03-28 18:50:00",33810
"2026-03-28 19:00:00",33341
"2026-03-28 19:10:00",32860
"2026-03-28 19:20:00",32529
"2026-03-28 19:30:00",32256
"2026-03-28 19:40:00",31898
"2026-03-28 19:50:00",31656
"2026-03-28 20:00:00",31303
"2026-03-28 20:10:00",30978
"2026-03-28 20:20:00",30817
"2026-03-28 20:30:00",30605
"2026-03-28 20:40:00",30306
"2026-03-28 20:50:00",30081
"2026-03-28 21:00:00",29867
"2026-03-28 21:10:00",29504
"2026-03-28 21:20:00",29221
"2026-03-28 21:30:00",28968
"2026-03-28 21:40:00",28708
"2026-03-28 21:50:00",28544
"2026-03-28 22:00:00",28412
"2026-03-28 22:10:00",28185
"2026-03-28 22:20:00",27946
"2026-03-28 22:30:00",27861
"2026-03-28 22:40:00",27499
"2026-03-28 22:50:00",27370
"2026-03-28 23:00:00",27213
"2026-03-28 23:10:00",26974
"2026-03-28 23:20:00",26702
"2026-03-28 23:30:00",26564
"2026-03-28 23:40:00",26456
"2026-03-28 23:50:00",26424
"2026-03-29 00:00:00",26361
"2026-03-29 00:10:00",26281
"2026-03-29 00:20:00",26286
"2026-03-29 00:30:00",26377
"2026-03-29 00:40:00",26392
"2026-03-29 00:50:00",26582
"2026-03-29 01:00:00",26825
"2026-03-29 01:10:00",26953
"2026-03-29 01:20:00",27177
"2026-03-29 01:30:00",27473
"2026-03-29 01:40:00",27810
"2026-03-29 01:50:00",28109
"2026-03-29 02:00:00",28555
"2026-03-29 02:10:00",28959
"2026-03-29 02:20:00",29342
"2026-03-29 02:30:00",29740
"2026-03-29 02:40:00",30352
"2026-03-29 02:50:00",30840
"2026-03-29 03:00:00",31192
"2026-03-29 03:10:00",31555
"2026-03-29 03:20:00",31839
"2026-03-29 03:30:00",32183
"2026-03-29 03:40:00",32427
"2026-03-29 03:50:00",32606
"2026-03-29 04:00:00",32757
"2026-03-29 04:10:00",32857
"2026-03-29 04:20:00",32944
"2026-03-29 04:30:00",33278
"2026-03-29 04:40:00",33467
"2026-03-29 04:50:00",33869
"2026-03-29 05:00:00",34326
"2026-03-29 05:10:00",34691
"2026-03-29 05:20:00",35199
"2026-03-29 05:30:00",35505
"2026-03-29 05:40:00",35820
"2026-03-29 05:50:00",36076
"2026-03-29 06:00:00",36292
"2026-03-29 06:10:00",36545
"2026-03-29 06:20:00",36874
"2026-03-29 06:30:00",37184
"2026-03-29 06:40:00",37408
"2026-03-29 06:50:00",37635
"2026-03-29 07:00:00",37982
"2026-03-29 07:10:00",38301
"2026-03-29 07:20:00",38640
"2026-03-29 07:30:00",38967
"2026-03-29 07:40:00",39050
"2026-03-29 07:50:00",39281
"2026-03-29 08:00:00",39649
"2026-03-29 08:10:00",39951
"2026-03-29 08:20:00",40180
"2026-03-29 08:30:00",40282
"2026-03-29 08:40:00",40587
"2026-03-29 08:50:00",40711
"2026-03-29 09:00:00",40795
"2026-03-29 09:10:00",40737
"2026-03-29 09:20:00",40699
"2026-03-29 09:30:00",40673
"2026-03-29 09:40:00",40630
"2026-03-29 09:50:00",40628
"2026-03-29 10:00:00",40557
"2026-03-29 10:10:00",40522
"2026-03-29 10:20:00",40578
"2026-03-29 10:30:00",40615
"2026-03-29 10:40:00",40752
"2026-03-29 10:50:00",41044
"2026-03-29 11:00:00",41309
"2026-03-29 11:10:00",41739
"2026-03-29 11:20:00",42336
"2026-03-29 11:30:00",42866
"2026-03-29 11:40:00",43465
"2026-03-29 11:50:00",44129
"2026-03-29 12:00:00",44625
"2026-03-29 12:10:00",45315
"2026-03-29 12:20:00",45988
"2026-03-29 12:30:00",46698
"2026-03-29 12:40:00",47443
"2026-03-29 12:50:00",48153
"2026-03-29 13:00:00",48758
"2026-03-29 13:10:00",49315
"2026-03-29 13:20:00",50057
"2026-03-29 13:30:00",50542
"2026-03-29 13:40:00",51047
"2026-03-29 13:50:00",51377
"2026-03-29 14:00:00",51681
"2026-03-29 14:10:00",51736
"2026-03-29 14:20:00",51847
"2026-03-29 14:30:00",51771
"2026-03-29 14:40:00",51479
"2026-03-29 14:50:00",51138
"2026-03-29 15:00:00",50489
"2026-03-29 15:10:00",49058
"2026-03-29 15:20:00",48136
"2026-03-29 15:30:00",47313
"2026-03-29 15:40:00",46237
"2026-03-29 15:50:00",45304
"2026-03-29 16:00:00",44283
"2026-03-29 16:10:00",42904
"2026-03-29 16:20:00",41869
"2026-03-29 16:30:00",41031
"2026-03-29 16:40:00",40190
"2026-03-29 16:50:00",39401
"2026-03-29 17:00:00",38744
"2026-03-29 17:10:00",38010
"2026-03-29 17:20:00",37331
"2026-03-29 17:30:00",36839
"2026-03-29 17:40:00",36371
"2026-03-29 17:50:00",35992
"2026-03-29 18:00:00",35600
"2026-03-29 18:10:00",35241
"2026-03-29 18:20:00",34818
"2026-03-29 18:30:00",34494
"2026-03-29 18:40:00",34099
"2026-03-29 18:50:00",33734
"2026-03-29 19:00:00",33552
"2026-03-29 19:10:00",33157
"2026-03-29 19:20:00",32908
"2026-03-29 19:30:00",32755
"2026-03-29 19:40:00",32536
"2026-03-29 19:50:00",32349
"2026-03-29 20:00:00",32005
"2026-03-29 20:10:00",31609
"2026-03-29 20:20:00",31187
"2026-03-29 20:30:00",30817
"2026-03-29 20:40:00",30419
"2026-03-29 20:50:00",30142
"2026-03-29 21:00:00",29704
"2026-03-29 21:10:00",29108
"2026-03-29 21:20:00",28714
"2026-03-29 21:30:00",28305
"2026-03-29 21:40:00",27874
"2026-03-29 21:50:00",27491
"2026-03-29 22:00:00",27125
"2026-03-29 22:10:00",26606
"2026-03-29 22:20:00",26225
"2026-03-29 22:30:00",25890
"2026-03-29 22:40:00",25577
"2026-03-29 22:50:00",25205
"2026-03-29 23:00:00",24954
"2026-03-29 23:10:00",24604
"2026-03-29 23:20:00",24322
"2026-03-29 23:30:00",24125
"2026-03-29 23:40:00",23949
"2026-03-29 23:50:00",23866
"2026-03-30 00:00:00",23756
"2026-03-30 00:10:00",23658
"2026-03-30 00:20:00",23651
"2026-03-30 00:30:00",23703
"2026-03-30 00:40:00",23688
"2026-03-30 00:50:00",23802
"2026-03-30 01:00:00",23772
"2026-03-30 01:10:00",23645
"2026-03-30 01:20:00",23653
"2026-03-30 01:30:00",23646
"2026-03-30 01:40:00",23599
"2026-03-30 01:50:00",23620
"2026-03-30 02:00:00",23770
"2026-03-30 02:10:00",23723
"2026-03-30 02:20:00",23712
"2026-03-30 02:30:00",23691
"2026-03-30 02:40:00",23654
"2026-03-30 02:50:00",23637
"2026-03-30 03:00:00",23604
"2026-03-30 03:10:00",23500
"2026-03-30 03:20:00",23381
"2026-03-30 03:30:00",23349
"2026-03-30 03:40:00",23240
"2026-03-30 03:50:00",23182
"2026-03-30 04:00:00",23167
"2026-03-30 04:10:00",23263
"2026-03-30 04:20:00",23334
"2026-03-30 04:30:00",23642
"2026-03-30 04:40:00",23816
"2026-03-30 04:50:00",23893
"2026-03-30 05:00:00",23840
"2026-03-30 05:10:00",23698
"2026-03-30 05:20:00",23523
"2026-03-30 05:30:00",23423
"2026-03-30 05:40:00",23159
"2026-03-30 05:50:00",22867
"2026-03-30 06:00:00",22690
"2026-03-30 06:10:00",22519
"2026-03-30 06:20:00",22424
"2026-03-30 06:30:00",22404
"2026-03-30 06:40:00",22490
"2026-03-30 06:50:00",22561
"2026-03-30 07:00:00",22777
"2026-03-30 07:10:00",22811
"2026-03-30 07:20:00",22941
"2026-03-30 07:30:00",23126
"2026-03-30 07:40:00",23271
"2026-03-30 07:50:00",23451
"2026-03-30 08:00:00",23773
"2026-03-30 08:10:00",23851
"2026-03-30 08:20:00",23697
"2026-03-30 08:30:00",23301
"2026-03-30 08:40:00",23203
"2026-03-30 08:50:00",23429
"2026-03-30 09:00:00",24125
"2026-03-30 09:10:00",24475